,id,wealth,median_,min_,max_,mean_,std_
0,1,-0.531405,0.0,0,6,0.06,0.5969924622639721
1,2,-0.40983,0.0,0,0,0.0,0.0
2,3,-0.478115,0.0,0,0,0.0,0.0
3,4,-0.43596,0.0,0,0,0.0,0.0
4,5,-0.44948,0.0,0,0,0.0,0.0
